city,team1,team2,toss_winner,toss_decision,dl_applied,winner,win_by_runs,win_by_wickets,player_of_match
65,9,3,3,1,1,9,99,0,437
98,7,10,10,1,0,7,48,0,502
38,17,4,17,0,0,17,86,0,186
25,3,9,9,1,0,9,0,5,336
32,23,9,23,0,0,9,0,10,337
69,22,3,3,1,0,22,122,0,272
32,4,9,9,1,0,4,6,0,453
84,7,17,7,0,0,7,100,0,114
24,22,3,3,1,0,22,164,0,160
32,19,23,19,0,1,23,0,2,72
84,7,17,17,1,0,7,181,0,62
105,22,3,3,1,0,22,111,0,26
32,9,23,9,0,0,9,41,0,121
32,9,19,19,1,0,9,228,0,491
116,7,17,17,1,0,7,79,0,270
13,3,22,22,1,0,3,123,0,275
32,23,4,4,1,0,23,21,0,410
23,7,17,17,1,0,17,0,8,123
13,22,3,3,1,0,3,0,3,275
82,4,19,4,0,0,19,0,7,175
82,23,0,23,0,0,23,2,0,72
70,15,9,9,1,1,9,0,10,387
82,4,0,4,0,0,4,89,0,322
70,4,23,4,0,0,23,0,5,279
91,19,15,19,0,0,19,238,0,77
32,19,0,19,0,0,19,59,0,332
60,0,19,0,0,0,19,0,1,449
60,19,0,19,0,0,19,142,0,175
123,9,26,26,1,0,9,200,0,459
15,9,26,26,1,0,26,0,6,417
15,26,9,9,1,0,9,0,5,258
26,0,4,0,0,0,4,0,7,458
62,23,16,16,1,0,23,128,0,104
26,0,4,4,1,0,0,142,0,402
62,26,23,23,1,0,23,0,8,281
18,21,16,16,1,0,16,0,4,67
62,24,25,24,0,0,24,1,0,57
62,18,26,26,1,0,26,0,7,61
26,4,0,0,1,1,0,17,0,144
18,21,27,27,1,0,21,31,0,87
62,15,10,10,1,0,10,0,2,79
62,16,18,18,1,1,16,74,0,497
18,27,23,23,1,0,23,0,9,281
62,24,15,15,1,0,15,0,3,128
62,26,21,21,1,0,21,0,7,71
62,25,10,10,1,0,10,0,6,85
18,23,16,23,0,0,23,21,0,120
18,27,18,18,1,0,27,14,0,415
18,23,21,21,1,0,23,82,0,281
18,10,24,24,1,0,10,138,0,375
62,27,25,25,1,0,27,304,0,415
18,23,10,10,1,0,23,133,0,139
18,21,18,18,1,0,21,76,0,71
62,15,16,16,1,0,16,0,7,310
62,27,26,26,1,0,27,35,0,460
18,21,24,24,1,0,21,111,0,386
18,18,23,23,1,0,23,0,10,377
62,26,15,15,1,0,26,101,0,417
62,25,16,16,1,0,16,0,5,412
18,24,18,18,1,0,18,0,5,456
18,10,21,21,1,0,21,0,1,283
62,16,27,27,1,0,27,0,6,460
62,25,15,15,1,0,15,0,6,255
18,10,18,18,1,0,18,0,5,517
18,23,24,24,1,0,23,175,0,377
62,26,25,25,1,0,26,39,0,227
62,15,27,27,1,0,27,0,8,100
114,24,26,24,0,0,26,0,4,236
60,0,23,0,0,0,23,0,9,376
114,26,24,26,0,0,26,78,0,196
114,24,26,24,0,0,26,0,7,61
60,23,0,23,0,0,23,132,0,120
60,23,0,0,1,0,0,0,6,187
27,4,10,10,1,0,4,5,0,340
27,10,4,4,1,0,4,0,3,362
72,17,19,17,0,0,17,47,0,162
72,19,17,17,1,0,19,102,0,77
72,19,17,17,1,0,19,26,0,189
78,24,15,15,1,0,15,0,7,159
112,17,19,19,1,0,19,0,7,143
73,24,18,18,1,1,24,2,0,78
112,17,19,19,1,0,19,0,5,143
78,15,18,18,1,0,15,84,0,259
69,22,16,16,1,0,22,146,0,26
11,16,22,22,1,0,22,0,8,438
61,23,17,23,0,0,17,0,6,499
6,17,23,23,1,0,17,198,0,162
62,16,27,16,0,0,27,0,7,415
122,10,4,10,0,0,4,0,10,178
62,27,16,27,0,0,27,1,0,498
28,3,9,3,0,0,3,21,0,9
105,26,22,22,1,0,22,0,4,160
62,27,16,16,1,0,16,0,3,39
130,9,3,3,1,0,3,0,10,284
122,4,10,10,1,0,4,183,0,485
47,26,22,26,0,0,26,48,0,417
92,3,9,9,1,0,9,0,5,383
26,4,7,4,0,0,4,50,0,453
43,24,20,20,1,0,20,0,5,381
38,7,4,4,1,0,7,132,0,216
38,4,7,4,0,0,7,0,3,114
75,7,22,22,1,0,7,59,0,204
13,7,22,22,1,0,22,0,5,467
13,22,7,22,0,0,22,27,0,438
65,9,17,17,1,0,9,90,0,429
62,10,27,27,1,0,10,46,0,197
109,17,9,9,1,0,9,0,8,336
64,9,17,9,0,0,9,12,0,459
62,10,27,27,1,1,27,0,3,393
125,9,23,9,0,0,9,317,0,491
72,19,17,19,0,0,17,0,2,152
80,23,9,23,0,0,9,0,4,258
72,17,19,17,0,0,17,79,0,123
57,9,23,23,1,0,9,67,0,491
72,17,19,19,1,0,19,0,6,356
26,9,4,4,1,0,9,227,0,195
38,4,9,4,0,0,4,5,0,322
38,9,4,4,1,0,4,0,1,322
70,0,23,0,0,0,23,0,4,242
6,9,17,17,1,0,17,0,7,480
70,0,23,0,0,0,0,60,0,187
88,3,7,7,1,1,3,221,0,476
121,3,7,3,0,0,3,72,0,284
78,24,15,15,1,0,15,0,6,43
2,7,3,3,1,0,3,0,6,114
78,24,15,24,0,0,15,0,3,159
78,24,15,15,1,0,24,84,0,44
37,22,9,9,1,0,9,0,7,258
111,22,9,22,0,0,9,0,7,437
85,22,9,9,1,0,22,9,0,160
19,3,17,17,1,0,3,25,0,433
19,3,17,17,1,0,3,113,0,284
19,17,3,3,1,0,3,0,2,80
126,3,27,27,1,0,27,0,3,393
126,27,3,3,1,0,3,0,8,284
126,27,3,3,1,0,3,0,5,80
62,9,27,9,0,0,9,13,0,459
15,26,17,17,1,0,17,0,5,480
113,19,16,19,0,0,19,9,0,356
62,27,9,9,1,0,9,0,5,443
15,17,26,26,1,1,17,50,0,140
62,27,9,9,1,0,9,0,10,117
113,16,19,16,0,0,19,0,7,330
15,17,26,26,1,0,26,0,5,439
113,19,16,19,0,0,19,16,0,143
62,4,27,27,1,0,4,105,0,50
62,4,27,27,1,0,27,0,5,460
48,21,17,21,0,0,17,0,7,315
104,9,26,9,0,1,9,119,0,459
104,26,9,26,0,0,9,0,2,36
86,7,22,22,1,0,7,118,0,426
104,9,26,26,1,0,9,3,0,407
29,22,7,22,0,0,22,62,0,164
86,7,9,9,1,0,9,0,5,396
106,26,4,4,1,0,4,0,4,481
44,17,10,17,0,0,17,1,0,297
84,7,9,9,1,0,7,100,0,390
106,26,4,4,1,0,4,0,9,359
84,7,9,9,1,0,9,0,10,215
44,10,17,17,1,0,17,0,3,293
44,10,17,17,1,0,17,0,1,293
106,26,4,4,1,0,4,0,6,322
32,23,3,23,0,0,3,0,4,81
4,16,7,7,1,0,7,0,8,216
32,23,3,3,1,0,23,4,0,242
4,16,7,16,0,0,7,0,6,216
32,3,23,3,0,0,23,0,6,367
4,7,16,16,1,0,7,232,0,204
70,23,3,3,1,1,23,26,0,81
70,23,3,23,0,1,3,0,2,154
91,19,26,19,0,1,19,53,0,449
91,19,26,19,0,0,19,120,0,330
62,27,0,0,1,0,0,0,4,404
91,26,19,26,0,0,19,0,5,257
62,27,0,0,1,0,0,0,8,187
4,26,16,26,0,0,26,20,0,251
62,0,27,27,1,0,0,60,0,403
4,16,26,16,0,0,26,0,5,61
4,16,26,26,1,1,26,0,7,417
61,17,16,17,0,0,17,115,0,499
61,17,16,16,1,0,17,118,0,480
82,3,19,19,1,0,19,0,9,77
82,3,19,19,1,0,19,0,6,77
90,16,17,16,0,0,17,0,7,499
82,3,19,19,1,0,3,88,0,476
24,22,4,22,0,0,4,0,9,483
69,4,22,4,0,0,22,0,7,235
24,4,22,22,1,0,4,38,0,453
26,4,0,4,0,0,0,0,7,402
26,4,0,4,0,0,4,88,0,271
26,0,4,0,0,0,4,0,4,322
3,9,26,9,0,0,9,96,0,437
3,9,26,26,1,0,9,44,0,280
3,26,9,9,1,0,9,0,6,512
41,0,16,0,0,0,0,75,0,355
22,22,9,9,1,0,22,4,0,378
41,0,16,0,0,0,0,48,0,402
41,0,16,16,1,0,0,36,0,179
70,23,27,23,0,0,23,184,0,242
99,9,22,9,0,0,22,0,7,378
99,22,9,22,0,0,22,31,0,164
70,27,23,27,0,0,27,22,0,100
70,27,23,27,0,0,23,0,5,265
76,26,10,10,1,0,10,0,2,34
76,26,10,10,1,1,10,0,5,34
76,26,10,10,1,0,26,24,0,439
9,27,10,10,1,1,10,0,7,34
9,27,10,10,1,0,27,38,0,460
32,23,22,23,0,0,23,78,0,376
32,22,23,22,0,1,22,67,0,225
32,23,22,23,0,0,23,14,0,503
15,26,3,26,0,0,3,0,6,12
15,3,26,3,0,0,26,0,4,343
32,9,23,9,0,1,23,0,3,503
62,27,4,4,1,0,4,0,5,482
15,3,26,3,0,1,3,133,0,284
32,23,9,23,0,0,9,0,3,117
32,23,9,23,0,0,9,0,7,374
62,27,4,27,0,0,4,0,3,453
62,4,27,27,1,0,4,155,0,271
44,22,10,22,0,0,22,70,0,225
44,10,22,22,1,0,10,43,0,0
12,19,7,7,1,0,7,0,3,222
84,7,19,19,1,0,7,52,0,260
23,19,7,7,1,0,7,0,9,408
84,23,7,7,1,0,7,0,8,426
29,23,7,7,1,0,7,0,5,101
128,10,16,10,0,0,16,0,4,423
128,16,10,16,0,0,10,0,8,197
128,16,10,16,0,0,16,1,0,469
38,23,4,23,0,0,23,97,0,376
89,4,23,4,0,1,4,103,0,339
38,4,23,4,0,0,4,33,0,339
24,19,22,22,1,0,19,28,0,77
69,22,19,19,1,0,22,17,0,143
24,22,19,19,1,0,19,0,3,77
107,9,7,7,1,0,9,7,0,426
131,17,4,17,0,0,17,164,0,123
107,9,7,7,1,0,7,0,6,218
107,9,7,7,1,0,9,66,0,407
31,4,17,17,1,0,17,0,5,480
45,4,17,17,1,0,17,0,8,470
97,26,23,26,1,0,26,0,5,119
97,26,23,26,1,0,26,0,5,134
1,0,10,10,1,0,0,36,0,404
26,4,26,26,1,0,4,120,0,339
1,10,0,10,0,0,0,0,7,403
38,26,4,26,0,0,4,0,7,322
1,0,10,0,0,0,0,16,0,402
38,26,4,4,1,0,4,0,6,453
1,10,24,24,1,0,10,112,0,461
1,10,24,10,0,0,24,0,6,99
20,9,3,9,0,0,9,13,0,167
86,7,3,7,0,0,3,0,3,154
86,7,3,7,0,0,7,24,0,203
86,3,7,7,1,0,3,19,0,230
116,7,10,10,1,0,10,0,7,375
116,10,7,10,0,0,7,0,4,218
116,10,7,7,1,0,7,0,6,115
121,3,17,3,0,0,3,71,0,313
105,22,3,22,1,0,22,0,6,233
122,4,27,27,1,1,4,123,0,271
13,22,3,3,0,0,22,0,6,225
122,4,27,4,0,0,4,4,0,482
70,23,26,23,0,0,23,6,0,16
122,4,27,4,0,0,4,169,0,271
99,22,3,22,0,0,22,74,0,160
60,23,26,26,1,0,23,161,0,503
32,23,26,23,1,0,23,0,1,377
90,17,9,17,1,0,17,0,5,172
69,22,7,7,1,0,7,0,2,41
6,17,9,9,1,0,17,22,0,237
61,17,9,17,1,0,17,0,4,269
22,22,7,22,1,0,22,0,7,378
10,9,3,3,0,0,9,0,7,387
110,9,3,3,1,0,9,36,0,246
92,9,3,3,1,0,3,0,10,109
117,26,10,26,1,1,26,0,5,134
15,26,10,10,0,0,26,0,1,37
15,26,10,10,0,0,26,0,5,37
33,9,26,9,1,0,9,0,4,491
130,9,26,26,1,0,9,107,0,387
28,9,26,26,1,0,26,0,8,430
85,0,26,26,1,0,26,0,5,417
85,0,26,0,1,0,26,47,0,343
85,0,26,26,1,0,26,0,7,391
72,19,23,23,0,0,19,0,5,48
72,19,23,19,0,0,19,67,0,490
104,26,9,26,0,1,9,0,6,491
104,26,9,9,0,1,9,59,0,491
32,23,4,23,0,0,23,122,0,16
32,23,4,4,0,0,23,0,7,503
32,23,4,23,0,0,23,91,0,288
12,3,7,3,0,0,7,0,8,101
86,9,17,17,0,0,17,18,0,298
83,9,23,23,0,0,9,0,7,387
86,3,22,22,0,0,22,10,0,138
84,4,19,19,0,0,19,94,0,450
83,0,26,26,0,0,26,23,0,417
29,7,17,7,0,0,7,119,0,218
12,4,9,9,0,0,9,28,0,387
29,23,26,26,1,0,23,23,0,503
12,7,9,7,0,0,7,31,0,218
83,0,19,0,0,0,19,0,3,188
84,3,17,3,0,0,3,86,0,38
29,22,23,22,1,0,22,0,9,105
86,9,26,9,0,0,9,125,0,491
12,17,19,17,0,0,19,0,6,77
84,7,3,7,1,0,3,64,0,22
116,0,4,0,1,0,4,62,0,453
84,19,22,19,0,0,19,49,0,176
116,0,9,9,0,0,9,11,0,215
86,17,26,26,1,0,17,5,0,252
83,7,23,23,0,0,23,20,0,425
98,3,4,3,0,0,3,48,0,109
12,17,22,17,1,0,17,0,4,252
86,7,0,7,0,0,7,150,0,136
124,4,26,4,1,0,4,0,7,453
86,9,19,19,1,1,9,89,0,387
84,3,23,23,1,0,3,87,0,22
23,0,22,22,1,1,22,0,9,192
116,7,26,7,1,0,7,0,8,210
124,3,19,19,1,0,3,41,0,109
84,3,9,9,0,0,9,36,0,407
23,7,4,4,1,0,7,106,0,216
124,0,17,17,1,0,17,0,7,209
98,3,26,26,1,0,3,15,0,350
116,9,22,22,0,0,9,0,6,387
84,4,17,17,1,0,17,0,2,269
23,0,23,0,1,1,23,34,0,344
98,7,19,7,1,0,19,14,0,327
84,4,22,22,1,0,4,21,0,453
23,17,23,17,1,0,17,0,10,298
17,0,3,0,0,0,3,0,7,109
98,19,26,26,1,0,26,0,7,363
84,7,22,22,1,0,7,104,0,62
83,7,19,7,0,0,7,54,0,101
98,7,19,7,1,0,7,0,3,216
44,4,26,4,1,1,4,0,5,338
44,10,4,10,0,0,4,0,6,49
17,7,19,7,1,0,7,0,6,218
44,4,26,26,0,0,4,0,5,340
44,10,26,10,0,0,26,0,5,444
116,7,19,19,1,0,7,12,0,204
44,4,26,26,0,0,4,0,8,417
44,10,26,10,1,0,26,196,0,206
44,10,7,7,1,0,7,0,4,75
133,20,25,20,1,0,20,0,5,345
133,14,18,14,0,0,14,145,0,223
62,27,24,24,0,1,27,0,3,248
62,27,24,27,1,1,27,4,0,373
62,27,24,27,1,0,27,0,7,474
43,3,19,19,1,0,3,20,0,154
43,3,19,19,1,0,3,6,0,154
1,3,19,3,0,0,3,80,0,371
114,3,19,19,0,0,3,0,8,22
22,22,23,23,0,1,22,41,0,26
103,22,23,22,1,0,22,0,6,181
37,9,3,3,0,0,3,35,0,487
46,22,23,23,1,1,22,71,0,378
25,9,3,9,0,0,3,0,4,25
36,0,10,10,1,0,10,0,5,56
36,0,10,10,1,0,0,109,0,404
111,9,3,9,1,0,3,32,0,487
24,22,23,23,1,0,22,113,0,378
36,0,10,0,0,0,10,0,4,0
93,9,3,3,1,0,9,8,0,491
69,22,23,22,1,0,22,0,8,138
56,26,7,26,1,0,26,0,7,363
64,9,3,3,0,0,9,0,6,247
36,0,10,10,0,0,0,0,5,158
117,26,7,26,1,0,7,29,0,204
15,26,7,7,1,0,26,26,0,430
15,26,7,26,0,0,7,0,6,216
45,17,4,4,1,0,17,88,0,473
31,17,4,17,1,0,17,0,8,297
95,17,4,4,0,0,17,0,8,297
131,17,9,9,0,0,9,35,0,40
61,17,9,17,1,0,17,0,8,470
22,22,19,22,1,0,22,0,7,378
90,17,9,17,0,0,9,0,7,336
69,22,19,19,1,0,19,0,8,490
90,17,9,9,0,0,9,90,0,387
24,22,19,19,0,1,22,13,0,395
95,17,9,17,0,1,9,0,8,336
46,22,19,22,1,0,22,0,5,27
103,22,19,22,0,0,19,0,5,327
88,3,9,9,1,0,9,0,7,512
2,3,9,3,0,0,9,0,6,491
121,3,9,3,0,0,3,34,0,202
96,17,23,23,1,0,17,115,0,269
90,17,23,17,0,0,17,21,0,349
90,17,23,17,0,0,17,45,0,297
122,4,26,4,1,0,4,0,8,322
38,4,26,26,1,0,26,0,4,417
38,4,26,26,0,0,4,0,5,321
63,22,3,3,1,0,22,40,0,108
1,17,19,17,0,0,19,0,6,450
1,17,19,17,0,0,17,47,0,470
125,26,9,26,0,0,9,0,9,383
92,9,26,9,0,0,9,224,0,387
107,26,9,9,1,0,26,43,0,35
26,27,4,4,1,0,4,0,7,465
26,27,4,4,1,0,4,0,7,333
32,23,7,23,0,1,23,219,0,342
57,26,9,9,1,0,9,0,8,491
38,4,27,4,0,0,4,28,0,193
99,27,22,27,0,0,22,0,4,160
13,22,27,22,0,0,22,120,0,131
75,27,22,22,1,0,22,0,5,262
1,4,19,4,0,0,4,37,0,339
1,4,0,4,0,0,4,3,0,320
1,0,19,0,0,0,19,0,3,457
1,0,4,0,0,0,0,136,0,404
1,0,23,0,0,0,0,91,0,403
32,23,22,23,0,0,23,178,0,2
118,4,26,4,0,0,4,18,0,482
58,26,4,4,1,0,26,3,0,430
18,19,27,19,0,0,19,131,0,77
58,4,26,4,0,0,4,48,0,482
18,19,27,19,0,0,19,244,0,143
18,27,19,27,0,0,19,0,9,142
83,9,7,7,1,0,7,0,8,41
18,27,19,27,0,0,19,0,9,143
84,7,9,7,0,0,7,86,0,210
18,19,27,27,1,0,19,201,0,189
98,7,9,9,1,0,9,0,8,258
86,3,7,3,0,0,7,0,1,204
29,3,7,3,0,0,7,0,6,216
98,7,3,3,1,0,7,242,0,15
23,7,3,3,1,0,7,38,0,216
84,3,7,3,0,0,7,0,3,304
31,17,7,7,1,0,7,0,7,218
45,7,17,17,1,0,17,0,5,269
131,7,17,17,1,0,7,4,0,304
90,17,7,7,1,0,7,0,6,62
61,7,17,17,1,0,17,0,3,269
24,22,9,9,1,0,9,0,8,491
103,9,22,22,1,0,9,73,0,387
69,9,22,9,0,1,22,0,5,160
22,9,22,22,1,0,9,124,0,491
24,22,9,9,1,0,9,0,9,512
46,22,9,22,0,0,9,0,6,491
38,23,4,23,0,0,23,79,0,506
38,4,23,4,0,0,23,0,10,385
38,4,27,4,0,0,4,91,0,482
38,27,23,27,0,0,23,0,5,349
131,17,19,17,0,0,17,15,0,297
16,3,7,3,0,0,7,0,4,210
38,4,23,4,0,0,4,163,0,453
38,27,23,23,1,0,27,12,0,460
61,19,17,19,0,0,17,0,5,83
38,27,4,4,1,0,4,0,8,453
45,17,19,17,0,0,17,183,0,470
96,19,17,19,0,1,17,0,8,297
131,17,19,19,1,1,17,61,0,252
31,17,26,17,0,1,17,66,0,269
31,17,26,26,1,0,17,204,0,470
132,26,17,17,1,0,17,0,5,110
130,23,9,9,1,0,9,0,8,258
25,9,23,23,1,0,9,141,0,387
39,9,23,23,1,0,23,0,7,385
71,9,17,17,1,0,9,6,0,387
107,17,9,17,0,0,9,0,6,59
92,9,17,9,0,0,17,0,6,480
47,22,4,22,0,0,22,200,0,138
99,22,4,4,1,0,22,104,0,11
1,23,19,23,0,0,19,0,7,189
1,19,23,19,0,0,19,32,0,449
75,4,22,4,0,0,22,0,10,378
93,3,9,3,0,0,9,0,7,387
116,26,7,7,1,0,7,0,9,218
10,3,9,3,0,0,3,21,0,109
84,26,7,7,1,1,7,6,0,134
65,3,9,3,0,0,9,0,5,167
17,7,26,26,1,0,7,124,0,304
80,9,3,9,0,0,9,50,0,491
86,26,7,26,0,0,7,0,7,218
28,9,3,9,0,1,9,26,0,167
32,23,9,23,0,0,9,0,6,59
32,9,23,9,0,0,9,168,0,491
60,23,27,27,1,0,27,0,3,460
60,23,27,23,0,1,27,0,4,100
67,26,9,26,0,0,9,0,8,491
60,23,27,23,1,0,23,0,8,287
5,26,9,26,0,0,26,11,0,227
5,26,9,26,1,0,9,93,0,316
127,26,9,26,1,0,9,105,0,29
84,9,19,9,1,0,19,180,0,143
12,4,9,9,1,0,9,0,9,387
23,7,19,19,1,0,19,0,8,177
23,19,23,19,1,0,19,0,3,448
119,26,0,0,0,0,26,0,4,417
84,9,22,9,1,0,9,0,8,215
12,7,3,7,1,1,7,40,0,62
119,26,0,0,0,0,0,63,0,404
23,4,17,17,0,0,4,0,5,453
84,9,23,23,1,0,23,0,7,72
12,19,22,22,0,1,19,19,0,177
23,7,17,17,1,0,7,87,0,232
12,9,19,19,1,1,9,124,0,515
84,22,23,23,1,0,22,96,0,192
84,7,4,7,1,0,7,0,8,210
84,7,22,22,1,0,22,0,7,235
116,7,22,22,1,0,7,2,0,62
83,7,22,22,1,0,7,72,0,304
44,4,17,4,1,0,4,0,5,339
44,10,17,10,1,0,17,190,0,480
44,10,4,4,1,0,4,0,8,340
44,4,17,17,1,0,17,0,4,209
44,10,17,10,1,0,17,51,0,301
84,7,10,10,1,0,7,85,0,210
17,7,10,10,0,0,7,0,7,41
58,26,19,26,0,0,19,0,6,457
58,26,19,26,1,0,19,74,0,77
58,26,19,26,1,0,26,0,4,226
32,23,4,4,1,0,23,70,0,349
54,0,10,10,0,0,0,0,7,403
54,0,10,0,0,0,10,0,3,245
54,0,10,0,0,0,10,0,6,375
54,0,10,0,0,0,0,34,0,375
54,0,10,0,0,0,0,30,0,505
8,26,7,26,1,0,7,186,0,15
5,26,7,26,0,0,7,0,4,210
6,17,22,22,1,0,22,0,6,235
5,26,7,26,1,0,7,45,0,136
61,17,22,22,0,0,17,0,7,297
131,17,22,22,0,0,22,159,0,11
31,17,22,22,1,0,17,6,0,269
61,17,22,22,1,0,22,0,4,378
24,22,23,23,1,0,22,88,0,171
22,22,23,22,0,0,22,40,0,138
61,17,3,17,0,0,17,24,0,470
69,22,23,22,1,0,22,0,7,105
46,22,23,23,1,0,22,121,0,138
6,17,3,3,1,0,17,6,0,311
103,22,23,22,1,0,22,0,8,192
80,9,7,9,1,0,7,5,0,62
33,9,7,7,1,0,9,15,0,515
100,3,19,3,1,0,3,0,7,433
107,9,7,9,1,0,9,0,3,247
16,3,19,3,0,0,3,92,0,318
96,17,4,4,0,0,17,0,8,252
96,17,4,4,1,0,17,67,0,353
31,17,4,17,0,0,17,77,0,480
20,3,17,17,1,0,3,116,0,109
18,27,23,27,0,0,23,0,6,72
18,27,26,27,0,1,27,5,0,478
18,23,26,26,1,0,23,1,0,72
130,9,17,9,0,0,9,190,0,5
111,9,17,17,0,0,17,19,0,297
25,9,17,9,1,0,9,0,7,491
37,9,17,9,1,0,17,6,0,252
40,9,17,9,1,0,9,0,6,167
30,4,7,7,1,0,7,0,4,41
22,22,3,22,0,0,22,31,0,109
89,4,7,7,1,0,4,34,0,321
103,22,3,3,0,0,22,0,6,243
89,4,7,7,0,0,7,21,0,232
46,22,3,3,0,0,22,0,4,108
1,19,26,19,0,0,19,136,0,77
69,22,3,3,1,0,22,142,0,138
89,4,0,4,0,0,4,141,0,482
24,22,3,22,1,0,22,0,6,378
89,4,0,0,1,0,0,0,2,329
11,3,10,10,0,0,3,0,9,487
89,4,0,4,0,0,4,7,0,453
11,22,10,10,1,0,22,206,0,467
23,7,19,19,1,0,19,0,4,448
83,7,19,19,0,0,7,0,4,218
98,7,19,7,0,0,7,169,0,15
84,7,19,19,0,0,7,0,4,210
116,7,19,19,0,1,7,44,0,216
32,23,3,23,0,0,23,82,0,16
32,23,3,3,1,0,3,0,3,229
23,7,23,23,1,0,7,122,0,204
84,7,23,7,1,1,7,0,6,216
8,26,3,3,0,0,3,58,0,313
12,7,23,23,0,0,7,0,10,216
8,26,22,22,1,0,26,100,0,119
8,26,3,3,1,0,3,0,6,307
118,26,22,26,1,0,22,139,0,192
118,26,3,26,1,0,26,0,4,307
118,3,22,3,0,0,3,36,0,109
58,3,22,22,0,0,22,47,0,137
58,26,3,3,1,0,3,0,6,352
58,26,22,22,0,0,26,0,4,432
22,22,7,22,1,0,22,0,5,11
69,22,7,22,1,0,22,0,1,91
24,22,7,7,0,0,22,0,7,378
61,17,3,3,1,0,17,55,0,186
103,22,7,22,0,0,7,0,5,15
131,17,3,17,0,0,3,0,4,313
13,22,7,7,0,1,7,39,0,378
6,17,19,19,0,1,17,0,3,297
131,17,19,19,1,0,17,70,0,172
20,3,9,3,0,0,3,25,0,253
16,3,9,9,0,0,3,0,7,387
100,3,9,9,0,0,3,0,5,433
90,17,23,23,1,0,17,36,0,298
96,17,23,17,0,0,23,0,8,287
31,17,23,23,0,0,17,0,10,297
31,17,23,23,0,0,17,0,7,298
1,7,19,7,0,0,7,95,0,15
89,4,27,4,0,0,4,61,0,482
1,7,19,7,0,0,19,0,6,327
89,4,27,27,1,0,4,58,0,193
89,4,27,27,1,0,4,145,0,339
32,23,26,26,0,1,23,0,8,288
32,23,26,23,1,1,23,0,1,475
92,9,22,22,0,0,22,214,0,378
28,9,22,9,0,0,9,35,0,491
110,9,22,22,0,0,22,18,0,276
65,9,22,9,0,0,9,22,0,316
71,9,22,22,0,0,22,5,0,11
86,7,3,7,0,0,3,0,8,313
83,7,3,3,0,0,7,0,3,136
86,7,3,7,0,0,7,93,0,234
84,7,3,7,1,0,3,64,0,313
116,7,3,3,0,0,3,59,0,318
9,10,3,3,0,1,3,23,0,109
46,22,17,22,0,0,22,62,0,11
105,22,17,22,0,0,17,0,8,297
24,22,17,17,1,0,22,20,0,171
60,23,19,23,0,0,23,165,0,288
32,23,19,23,0,0,19,0,7,52
32,23,19,19,0,0,19,135,0,448
30,4,22,22,0,1,4,0,9,465
89,4,22,22,0,0,4,0,7,465
89,4,22,4,0,0,22,0,8,235
89,4,9,4,1,0,9,77,0,424
89,4,9,9,0,1,4,0,6,340
29,7,17,7,1,1,7,0,3,218
89,4,9,4,0,0,4,79,0,340
98,7,17,17,0,0,7,0,7,136
116,7,17,7,0,0,17,0,3,252
84,7,17,17,0,1,17,13,0,269
12,7,17,17,1,0,7,210,0,204
82,19,27,19,1,0,19,0,6,58
82,19,27,19,0,0,19,41,0,457
89,4,19,19,0,0,4,0,8,465
89,4,19,19,0,0,4,0,7,482
89,4,19,4,0,0,4,79,0,339
6,17,22,22,0,1,17,0,4,150
131,17,26,17,0,0,17,143,0,297
95,24,26,26,1,0,26,0,6,227
6,9,27,9,1,0,9,0,6,424
63,3,21,3,1,0,3,0,7,284
61,17,4,17,1,0,17,0,3,297
131,22,24,24,1,0,22,146,0,11
63,21,23,23,0,0,23,148,0,240
61,9,10,10,0,0,9,0,8,407
95,17,0,0,0,0,17,0,6,118
63,10,27,27,1,0,10,5,0,135
6,19,22,22,1,1,19,29,0,448
100,9,26,26,0,0,9,0,4,336
96,4,21,4,1,0,4,0,6,244
95,19,24,24,1,0,19,129,0,52
100,3,0,0,1,0,3,275,0,109
20,10,22,22,0,0,22,201,0,171
16,19,27,19,0,0,19,20,0,508
131,7,23,7,0,0,23,0,9,240
100,9,24,24,0,0,9,0,9,379
6,17,3,3,0,0,17,0,1,470
45,0,21,0,1,0,0,0,1,447
16,10,24,10,1,0,10,0,2,149
20,26,27,26,0,1,26,73,0,90
31,7,21,21,1,0,7,119,0,304
45,0,23,23,1,0,23,0,4,124
31,19,26,19,1,0,26,150,0,17
131,17,7,7,0,0,17,0,8,473
96,24,27,27,1,0,27,0,4,415
20,0,4,4,0,0,4,105,0,339
45,17,21,17,1,0,17,0,3,470
96,10,26,10,1,0,10,0,4,375
61,22,27,27,1,0,22,62,0,108
31,17,23,23,1,0,17,98,0,92
95,17,19,17,0,0,17,119,0,252
100,3,7,7,1,0,3,112,0,154
131,17,19,17,1,0,17,0,7,150
100,7,9,7,1,0,7,0,3,234
131,17,23,23,0,0,23,34,0,240
24,22,26,26,1,0,22,131,0,397
45,17,23,17,0,0,17,120,0,92
103,22,26,26,1,0,26,0,1,17
63,3,7,3,1,0,3,0,3,433
45,17,23,23,1,0,17,108,0,263
47,22,26,26,0,0,22,0,9,494
16,7,9,9,0,0,7,0,9,440
96,17,23,23,0,0,17,0,4,252
69,22,26,26,1,0,22,148,0,11
46,22,26,22,0,1,22,61,0,11
61,17,23,17,0,0,23,0,6,475
31,17,23,23,0,0,17,0,3,92
1,17,19,17,0,0,17,68,0,298
1,17,19,17,0,0,17,7,0,252
32,23,7,23,0,0,23,87,0,475
32,23,7,7,0,0,23,0,6,240
60,23,7,23,0,1,7,0,5,204
89,4,27,27,0,0,4,0,5,481
32,23,7,7,0,0,23,0,8,124
89,4,27,4,0,0,4,21,0,320
89,4,27,27,1,0,4,124,0,54
32,23,7,7,1,0,23,25,0,475
30,4,27,4,0,0,4,68,0,321
30,4,27,27,1,0,4,87,0,453
20,3,22,3,0,0,3,73,0,433
100,3,22,3,0,0,22,0,3,276
111,9,23,23,0,0,9,0,3,16
100,3,22,22,1,0,3,32,0,350
80,9,23,9,0,0,9,153,0,387
64,9,23,23,0,0,9,0,6,124
3,9,23,23,0,0,9,0,6,40
33,9,23,23,1,0,9,169,0,29
90,17,22,17,1,0,22,72,0,171
90,17,22,22,1,0,22,0,6,11
40,9,26,26,1,0,9,59,0,491
1,3,19,3,0,0,3,1,0,154
37,9,26,9,0,0,9,48,0,336
79,9,26,9,1,0,26,124,0,307
83,7,9,9,1,0,7,41,0,210
12,7,9,9,1,0,9,0,9,29
98,7,9,9,1,0,9,0,6,379
23,7,9,7,1,1,9,133,0,424
60,23,19,23,0,0,23,77,0,349
118,26,4,26,0,0,26,91,0,106
60,23,19,19,1,1,19,0,4,463
55,26,4,4,1,0,26,177,0,432
18,27,22,22,1,0,22,0,7,378
55,26,4,26,1,0,26,0,3,238
18,27,22,27,1,0,22,61,0,500
18,27,22,27,1,0,22,93,0,171
60,23,22,22,0,0,22,82,0,11
32,23,22,22,0,0,22,75,0,171
89,4,9,4,1,1,9,47,0,442
89,4,9,4,0,1,9,0,7,29
12,7,23,7,0,0,23,0,6,163
84,7,23,7,1,0,23,7,0,204
86,7,23,7,1,0,7,0,10,94
29,7,23,7,1,0,23,157,0,475
84,7,23,23,1,1,7,81,0,94
0,21,7,21,1,1,7,39,0,283
89,19,23,19,0,0,23,0,5,425
89,4,23,4,0,0,23,0,3,16
89,0,9,9,1,0,9,0,8,383
5,26,7,26,1,0,7,25,0,210
89,4,19,4,0,0,19,0,3,451
89,0,23,23,0,0,23,129,0,240
89,9,19,19,1,0,19,0,1,327
5,26,7,7,1,0,7,0,3,418
51,4,0,4,1,0,0,32,0,447
51,9,23,23,1,0,23,0,2,240
5,26,7,7,1,0,26,15,0,113
51,0,19,0,1,0,19,72,0,488
51,4,9,9,1,0,9,0,6,491
51,19,23,23,0,0,23,12,0,425
89,4,23,23,1,0,23,0,6,288
89,4,23,23,0,0,23,61,0,240
89,4,23,4,1,0,23,13,0,349
131,17,9,9,1,0,17,87,0,269
61,17,9,9,0,0,17,0,7,269
100,3,7,3,1,0,7,57,0,62
61,17,9,9,1,1,17,15,0,252
95,17,9,9,1,0,17,24,0,92
16,3,7,7,0,0,3,0,1,229
61,17,26,17,1,0,26,203,0,113
96,17,26,17,0,1,17,58,0,297
1,19,23,19,0,0,23,0,2,265
6,17,26,26,1,0,26,0,2,116
1,19,23,23,0,0,19,0,8,327
46,22,9,9,1,0,22,134,0,378
69,22,9,9,1,0,22,141,0,378
24,22,19,22,1,0,22,0,4,494
103,22,19,22,1,0,19,1,0,52
71,9,26,9,1,0,9,0,5,407
130,9,26,26,1,0,26,0,2,116
22,22,19,19,0,0,19,23,0,55
79,9,26,26,0,0,9,0,6,491
60,23,17,23,0,1,17,0,4,480
1,19,22,22,0,0,22,28,0,131
1,19,22,22,0,0,22,68,0,138
51,4,17,4,1,0,4,0,4,454
7,9,3,3,1,0,9,57,0,387
89,4,17,4,0,0,4,40,0,462
93,9,3,9,1,0,9,0,6,491
89,4,17,17,1,1,4,43,0,405
25,9,3,3,1,0,3,0,4,229
66,9,3,3,0,0,9,0,9,387
107,9,3,3,0,0,3,72,0,153
116,7,3,3,0,0,3,49,0,436
23,7,3,7,1,0,7,0,3,204
86,7,3,7,1,0,3,88,0,295
44,10,7,7,1,0,7,0,6,136
18,27,9,9,1,0,9,0,7,5
18,27,9,9,1,0,9,0,9,306
32,23,22,23,0,0,23,128,0,475
119,26,19,19,1,0,19,0,4,323
32,23,22,23,0,1,23,17,0,265
119,26,19,19,1,1,19,0,6,307
32,23,22,22,1,0,23,180,0,240
58,26,19,19,1,0,26,37,0,432
58,26,19,26,1,0,19,126,0,451
127,9,23,9,1,0,9,0,1,316
127,9,23,23,1,1,9,81,0,59
127,26,23,26,1,1,23,39,0,240
127,26,9,26,1,1,9,102,0,491
67,9,23,9,1,0,23,161,0,506
67,26,9,26,1,0,26,0,1,196
67,26,23,26,1,0,26,0,6,90
12,7,9,7,1,0,9,5,0,383
23,9,23,9,1,0,9,0,8,180
84,7,22,7,1,0,7,0,7,205
84,3,23,3,1,0,23,20,0,124
23,7,17,17,1,0,7,10,0,30
12,9,19,9,1,1,9,0,8,59
84,7,23,23,1,0,23,0,7,240
84,9,26,9,1,0,9,0,8,383
12,19,22,22,0,0,22,67,0,171
23,17,23,23,0,0,17,0,1,348
12,7,3,7,0,0,7,48,0,185
84,19,26,26,1,0,26,0,2,239
23,9,22,22,1,0,9,26,0,407
98,7,17,17,1,0,7,34,0,204
116,7,17,17,0,0,17,86,0,297
84,7,17,17,1,0,17,0,5,297
18,27,4,27,1,0,27,0,7,493
18,27,4,27,1,0,27,0,6,415
18,27,4,27,1,0,4,121,0,518
11,22,19,19,0,0,22,0,6,11
60,23,4,23,1,1,23,0,8,475
46,22,19,22,0,0,19,0,3,323
69,22,19,19,1,0,22,34,0,11
24,22,19,22,0,1,19,0,6,328
13,22,19,19,1,0,22,125,0,84
55,26,27,27,0,0,26,0,5,119
55,26,27,27,1,0,26,156,0,196
61,17,7,17,1,0,17,0,3,65
20,3,26,3,0,0,3,39,0,436
100,3,26,26,1,0,3,54,0,153
100,3,26,26,0,0,3,0,9,284
39,9,7,7,1,0,7,0,7,185
105,22,17,17,0,0,22,0,1,148
63,3,23,23,1,0,3,32,0,372
25,9,7,9,1,0,9,0,5,424
75,22,17,22,1,0,17,27,0,252
99,22,17,17,1,0,17,0,1,212
111,9,7,9,1,0,9,0,7,491
16,3,23,3,0,0,23,0,4,249
79,9,7,9,0,0,9,127,0,383
110,9,7,7,0,0,7,9,0,205
37,9,19,9,0,0,9,10,0,316
80,9,19,9,1,0,19,85,0,358
28,9,19,19,1,0,19,0,6,316
89,4,26,4,1,0,4,0,2,320
89,4,26,4,1,0,26,75,0,116
89,4,26,26,1,0,26,0,4,307
74,4,26,26,1,0,4,160,0,54
74,4,26,26,0,0,4,0,7,462
60,23,17,23,1,1,23,0,7,73
98,7,22,7,0,0,22,0,7,171
84,7,22,7,1,0,7,0,6,185
1,3,19,3,0,0,19,0,7,358
84,7,22,22,0,0,7,0,4,136
116,7,22,22,0,0,22,80,0,171
32,23,9,23,0,0,9,0,6,491
32,23,9,23,0,0,9,0,5,424
60,23,9,9,0,0,23,0,9,349
60,23,9,9,0,0,9,21,0,491
118,26,17,26,0,0,26,20,0,432
118,26,17,26,0,0,26,24,0,432
118,26,17,26,1,0,17,88,0,389
86,7,3,7,1,1,7,0,7,399
29,7,3,7,1,0,7,0,8,440
67,26,17,17,1,0,26,55,0,307
67,26,17,26,1,1,26,0,9,17
84,7,3,3,0,0,7,0,6,399
84,7,3,3,1,0,7,15,0,136
84,7,26,7,1,0,7,0,8,30
32,23,19,19,0,0,23,0,2,16
32,23,19,23,0,0,23,44,0,349
116,7,26,26,1,1,7,114,0,185
119,26,3,26,1,0,3,30,0,116
119,26,3,3,1,0,26,42,0,238
89,4,19,4,1,0,19,2,0,451
89,4,23,4,1,1,4,0,5,453
89,9,19,19,0,0,9,0,6,491
120,26,3,26,1,1,26,0,5,432
89,4,9,4,1,0,4,0,5,453
120,26,3,3,0,0,3,64,0,153
89,19,23,23,0,0,19,0,6,53
89,9,23,23,1,0,9,50,0,491
89,4,19,4,1,0,19,21,0,327
16,3,23,3,0,0,3,15,0,109
6,17,22,22,1,0,22,0,5,282
95,17,22,22,1,0,22,0,6,276
63,9,23,9,1,0,9,0,7,491
131,17,22,17,0,0,22,0,6,11
63,3,23,3,0,0,23,0,3,124
16,9,23,23,0,0,23,51,0,249
16,3,9,3,0,0,3,110,0,76
1,7,19,7,0,0,7,20,0,30
1,7,19,7,0,0,7,130,0,30
100,3,23,23,1,0,3,5,0,295
95,17,27,17,0,0,17,202,0,65
100,9,23,23,0,0,9,0,4,379
132,17,27,27,1,0,17,141,0,389
45,17,27,27,1,0,17,90,0,297
69,22,23,23,1,0,23,0,2,240
75,22,23,22,0,0,23,0,5,349
13,22,23,23,0,1,22,4,0,138
47,22,23,22,1,0,22,0,5,228
99,22,23,22,0,0,22,258,0,276
28,9,26,9,0,0,9,34,0,302
65,9,26,9,0,0,9,153,0,492
30,4,19,19,0,0,19,58,0,488
3,9,26,9,1,0,26,16,0,382
89,4,19,19,0,0,19,76,0,357
130,9,26,9,1,0,9,0,5,491
89,4,19,4,0,0,19,0,5,451
33,9,26,9,1,0,9,0,1,387
1,19,23,23,0,0,19,0,3,488
46,22,3,22,0,0,3,0,3,436
18,27,17,17,0,0,27,0,1,308
80,9,7,7,1,0,9,95,0,383
103,22,3,22,0,0,22,80,0,276
92,9,7,7,0,0,9,0,6,424
25,9,7,7,0,0,9,0,5,29
24,22,3,22,1,1,3,93,0,401
30,4,26,4,1,0,4,0,8,453
37,9,7,7,0,0,9,0,8,491
89,4,26,4,0,0,26,0,8,307
64,9,7,9,0,0,9,126,0,316
89,4,26,4,1,0,26,40,0,267
23,7,9,7,1,1,7,0,6,218
84,7,9,7,1,1,7,0,3,383
18,27,19,19,0,0,19,5,0,514
116,7,9,7,1,0,7,0,7,30
44,10,7,10,1,1,7,11,0,136
32,23,3,23,1,0,23,0,4,425
18,27,4,27,1,0,4,93,0,453
32,23,3,23,0,0,3,0,5,510
18,27,4,4,1,0,4,0,6,405
60,23,3,3,1,0,23,78,0,506
60,23,3,23,0,0,3,0,8,401
86,7,23,7,0,0,7,16,0,183
98,7,23,7,1,1,7,0,10,30
84,7,23,7,0,0,23,0,6,265
83,7,23,7,1,0,23,69,0,124
84,7,23,23,1,1,7,110,0,217
67,26,9,26,1,0,26,0,7,17
5,26,9,9,1,0,26,103,0,4
5,26,9,9,1,0,9,0,3,17
127,26,9,9,1,1,9,0,7,491
127,26,9,26,0,0,9,0,4,387
58,26,19,19,0,0,26,0,10,267
8,26,19,26,1,1,26,1,0,327
8,26,19,19,1,0,19,0,3,323
119,26,19,19,1,0,19,0,7,52
119,26,19,26,0,0,19,0,8,327
89,4,3,3,0,0,3,66,0,290
89,4,3,4,0,0,3,0,9,436
89,4,3,4,1,0,3,60,0,295
92,9,23,23,0,0,9,0,6,316
25,9,19,9,0,0,9,29,0,435
32,23,17,17,0,0,23,0,5,240
32,23,7,7,0,0,23,0,10,475
89,17,22,17,0,0,17,49,0,208
3,9,3,3,0,0,9,0,5,515
89,19,26,26,0,0,19,0,10,327
28,9,26,9,0,0,9,80,0,515
80,13,27,27,0,0,27,161,0,100
32,3,19,3,0,0,19,0,4,488
89,4,22,22,0,0,22,206,0,266
92,17,23,23,0,0,23,112,0,240
80,10,16,10,1,0,10,0,6,375
28,7,26,7,0,0,7,18,0,205
7,3,6,6,0,0,3,0,7,436
80,10,22,10,1,0,22,131,0,228
30,4,16,16,0,0,4,0,6,193
7,3,13,3,0,0,3,60,0,98
92,6,17,6,1,0,17,97,0,65
93,9,22,9,0,0,22,0,3,131
25,10,26,10,1,0,26,44,0,238
30,4,7,4,1,0,4,0,2,193
37,9,16,16,0,0,9,0,5,515
37,6,13,13,0,0,6,0,5,161
7,9,10,9,1,0,9,0,5,515
28,7,22,7,0,0,7,6,0,399
3,17,27,27,0,0,17,0,10,297
89,4,26,4,0,0,26,0,9,239
25,16,22,16,1,0,22,231,0,11
32,6,19,19,0,0,19,46,0,451
7,7,10,7,0,0,10,0,3,245
32,23,13,13,0,0,23,0,9,425
37,16,26,16,1,0,26,215,0,239
93,6,27,27,0,0,27,175,0,468
32,23,19,19,0,0,19,11,0,451
89,4,10,4,0,0,4,27,0,482
93,3,17,3,1,0,3,0,7,294
37,22,26,22,1,0,22,0,7,11
60,13,19,19,0,0,19,205,0,488
93,7,16,16,0,0,7,0,6,392
3,3,27,3,0,0,3,91,0,436
28,13,17,13,0,0,17,0,10,170
60,23,6,23,0,0,23,210,0,124
89,4,9,4,1,0,9,87,0,492
32,23,26,26,1,0,23,26,0,240
100,3,7,3,0,0,3,57,0,14
6,17,19,19,1,0,17,57,0,207
61,17,19,17,1,0,19,41,0,52
32,23,26,23,1,1,23,0,8,506
95,17,19,17,0,0,19,0,2,323
16,3,7,3,0,0,3,51,0,101
31,17,19,17,1,0,19,43,0,327
24,22,9,9,1,1,22,33,0,171
131,17,19,19,0,0,17,0,9,473
63,3,7,7,1,0,3,46,0,420
103,22,9,22,0,1,22,48,0,228
22,22,9,22,0,0,9,0,2,511
69,22,9,9,0,0,9,1,0,305
46,22,9,22,0,0,22,135,0,266
30,4,27,27,0,0,4,0,6,482
28,9,17,17,0,0,9,0,8,515
7,9,17,9,1,0,9,0,5,511
89,4,27,27,1,0,4,65,0,47
129,9,17,9,1,0,9,0,9,145
89,4,27,4,1,0,4,0,6,47
66,9,17,9,1,0,9,0,8,145
89,4,27,4,1,0,27,9,0,86
57,9,17,17,1,0,9,40,0,491
16,3,23,23,0,0,3,0,8,95
1,19,22,22,0,0,19,0,1,45
1,19,22,19,0,0,22,0,8,266
11,22,27,22,0,0,22,272,0,228
130,9,3,9,1,0,9,0,5,491
89,4,17,4,0,0,4,3,0,405
105,22,27,27,0,0,22,0,8,200
13,22,27,22,0,0,22,64,0,84
89,4,17,17,1,0,4,9,0,453
89,4,17,4,1,0,4,0,7,466
89,4,17,4,0,1,4,9,0,453
116,7,19,7,0,0,7,121,0,136
84,7,19,19,0,0,19,38,0,45
84,7,19,19,0,0,19,23,0,489
83,7,19,19,0,0,7,0,4,24
29,7,19,19,1,0,7,24,0,427
12,7,4,4,1,0,7,144,0,24
17,7,4,7,1,0,4,5,0,321
98,7,4,4,0,0,7,0,6,185
84,7,3,3,0,0,3,42,0,445
84,7,3,7,1,0,3,78,0,388
86,7,3,7,1,0,7,0,1,156
23,7,3,3,0,0,7,0,4,416
116,7,3,3,0,0,7,0,4,136
127,26,22,26,0,0,22,0,1,214
18,27,23,23,1,0,23,0,9,409
18,9,23,9,1,0,9,0,7,387
42,26,22,26,0,0,22,0,7,171
42,26,22,22,0,0,22,67,0,11
18,27,9,9,0,0,27,0,6,74
5,26,22,22,0,0,22,17,0,171
5,26,22,26,1,1,22,66,0,171
120,26,27,26,1,0,26,0,4,90
131,17,3,3,1,0,17,51,0,473
120,26,27,26,1,0,26,0,4,113
6,17,3,3,1,1,3,0,6,97
120,26,27,27,1,0,26,141,0,116
61,17,3,3,1,0,3,0,6,69
6,17,3,3,0,1,3,12,0,118
58,26,27,27,0,0,26,0,4,341
30,4,7,4,1,0,7,45,0,82
58,26,27,27,0,0,27,2,0,493
95,17,3,3,0,0,17,0,2,269
89,4,7,7,1,0,7,0,2,136
89,4,7,7,1,0,7,0,6,482
3,9,22,22,0,0,22,90,0,11
59,9,22,9,0,0,9,153,0,435
66,9,22,22,1,0,9,1,0,383
16,3,26,26,1,0,3,50,0,401
31,17,4,17,1,0,17,0,3,297
45,17,4,17,1,0,17,0,5,269
95,17,4,17,0,0,17,146,0,208
100,3,19,19,0,0,3,0,2,95
100,3,19,3,0,0,3,135,0,388
16,3,19,19,0,0,3,0,5,97
89,4,9,9,1,0,9,0,6,491
89,9,23,23,0,0,9,0,8,516
89,4,23,23,1,0,23,0,9,506
89,4,9,4,0,0,9,0,6,316
89,9,23,23,1,0,23,0,5,479
89,4,23,23,1,0,23,0,7,475
80,9,23,23,0,0,9,0,7,145
33,9,23,23,0,0,9,0,7,383
93,9,23,9,0,0,23,0,3,475
110,9,23,23,1,0,9,3,0,492
103,22,7,22,0,0,7,0,7,217
22,22,7,22,0,0,22,112,0,11
24,22,7,7,1,0,7,0,7,368
24,22,27,27,1,0,22,212,0,228
1,17,19,17,0,0,17,7,0,324
11,22,27,27,1,0,22,45,0,468
57,9,3,9,0,0,3,0,6,112
1,17,19,17,0,0,17,64,0,65
64,9,3,3,0,0,3,3,0,435
1,17,19,19,0,0,19,138,0,451
30,4,27,27,0,0,4,0,6,361
25,9,3,9,1,0,3,24,0,436
89,4,27,4,1,0,4,0,4,482
37,9,3,3,0,0,9,0,6,515
89,4,27,27,0,0,4,0,7,47
93,9,3,3,1,0,9,99,0,316
89,4,27,27,1,0,27,0,5,133
129,9,3,3,0,0,3,4,0,290
24,3,17,17,0,0,3,0,6,436
69,17,19,19,0,0,17,0,5,118
24,3,7,7,0,0,3,0,9,436
69,9,26,9,1,0,9,0,7,491
24,3,19,3,1,0,3,0,2,290
69,7,17,17,1,0,17,0,4,150
69,17,23,23,1,0,17,38,0,118
24,22,7,7,0,0,7,22,0,364
24,9,19,19,0,0,19,54,0,457
69,3,26,26,1,0,3,50,0,294
69,7,23,7,1,0,7,0,6,368
24,22,17,22,1,0,22,0,5,500
69,19,26,26,0,0,19,0,5,488
24,22,23,22,1,1,23,55,0,475
29,7,3,7,1,0,7,0,4,156
98,7,3,3,0,0,3,111,0,472
98,7,3,7,0,0,3,0,4,401
32,23,9,9,0,0,9,46,0,435
32,23,9,23,0,0,23,139,0,16
84,7,3,7,0,0,3,0,7,60
32,9,17,17,0,0,9,0,6,6
116,7,3,7,0,0,3,0,6,97
32,23,17,23,0,0,23,97,0,479
84,7,3,7,1,0,3,39,0,294
84,7,3,7,1,0,3,4,0,93
18,27,4,27,0,0,4,0,5,132
18,27,4,27,0,0,4,0,4,482
18,27,4,4,1,0,27,69,0,133
32,23,19,19,0,0,19,132,0,360
18,27,4,4,1,0,4,0,8,325
32,23,19,19,0,0,19,146,0,488
118,26,4,26,0,0,4,0,3,320
42,26,4,26,0,0,4,0,3,453
42,26,4,26,1,0,4,52,0,47
119,26,9,9,1,1,9,0,6,316
67,26,9,9,0,0,26,0,8,382
67,26,9,9,0,0,9,20,0,515
12,7,26,26,1,0,7,58,0,300
17,7,26,7,1,0,7,0,6,368
1,3,19,3,0,0,19,0,7,254
1,3,19,19,0,0,3,0,8,112
1,3,19,3,0,0,3,27,0,295
69,22,3,22,1,0,3,47,0,351
103,22,3,3,1,0,22,61,0,166
22,22,3,22,0,0,22,25,0,214
24,22,3,3,0,0,22,0,7,500
119,26,7,26,1,0,7,26,0,3
46,22,3,3,0,0,3,141,0,290
8,26,7,7,1,1,7,0,9,24
8,26,7,26,1,1,26,0,8,113
58,26,7,26,0,0,26,21,0,406
58,26,7,7,0,1,7,1,0,368
6,17,9,9,0,0,17,0,8,207
61,17,9,17,0,1,9,84,0,492
31,17,9,17,1,0,9,58,0,435
95,17,9,9,0,1,9,53,0,316
32,23,9,23,0,0,23,68,0,240
32,23,9,9,0,0,9,67,0,145
32,23,9,9,0,0,9,147,0,515
100,3,17,3,0,0,17,0,2,241
32,23,9,9,0,0,9,15,0,180
100,3,22,22,0,0,22,39,0,171
82,19,23,23,0,0,23,234,0,475
89,4,27,4,1,0,4,0,6,321
72,19,23,23,0,0,19,0,8,446
63,3,22,22,1,0,3,5,0,420
89,4,23,4,1,0,4,0,5,453
89,4,27,4,1,0,27,38,0,133
131,17,26,17,1,0,17,0,7,118
33,9,7,9,1,0,9,0,6,492
7,9,7,7,1,1,9,19,0,492
71,9,7,7,0,1,9,16,0,174
65,9,7,9,0,0,9,54,0,515
1,19,26,19,0,0,19,24,0,464
110,9,7,7,1,0,9,158,0,515
1,19,26,26,0,0,19,0,4,90
105,22,4,22,0,0,22,61,0,131
13,22,13,22,0,0,22,159,0,228
35,3,4,3,0,0,3,73,0,482
35,3,4,4,0,0,3,0,8,420
84,7,22,7,1,1,7,0,7,3
35,3,4,4,1,0,3,180,0,290
32,23,9,23,0,1,23,112,0,249
84,7,22,22,1,0,7,126,0,434
32,23,9,9,0,0,9,46,0,424
98,7,22,22,0,0,7,0,10,416
32,23,9,9,0,0,9,33,0,316
83,7,22,7,0,0,7,20,0,250
72,9,23,9,1,0,23,100,0,64
118,26,3,3,0,0,3,169,0,263
72,19,4,4,0,0,19,0,10,46
118,26,3,26,1,0,3,1,0,8
72,9,23,23,0,0,9,0,6,316
72,19,9,9,0,0,19,0,8,514
72,4,23,23,0,0,23,158,0,441
72,19,23,19,1,0,23,64,0,240
55,26,3,3,1,0,3,0,7,436
84,7,17,7,1,0,17,51,0,413
72,4,9,4,0,0,9,0,7,424
55,26,3,3,0,1,3,63,0,295
82,23,24,23,0,0,23,142,0,64
72,19,9,19,0,0,9,0,6,424
72,8,9,9,0,0,9,256,0,424
82,4,23,4,1,0,23,131,0,240
84,7,17,17,1,0,17,0,1,413
82,4,24,4,0,0,4,96,0,325
120,26,3,26,1,0,3,84,0,420
72,19,8,19,0,0,19,155,0,464
17,7,17,7,1,0,17,22,0,241
29,7,17,17,1,0,7,114,0,250
89,9,19,19,0,0,19,25,0,514
89,4,9,4,0,0,9,0,7,145
89,9,19,9,0,0,9,140,0,492
89,4,19,4,1,0,19,70,0,446
72,19,4,19,0,0,19,150,0,326
82,19,4,19,0,0,19,23,0,446
127,26,23,26,1,1,26,0,7,406
49,19,4,4,0,1,19,0,7,446
127,26,23,26,1,0,26,0,1,113
82,19,4,19,0,1,19,152,0,335
89,4,22,4,0,0,22,0,7,201
89,4,22,4,0,0,22,0,7,7
16,3,9,9,0,0,9,9,0,366
63,9,23,9,1,0,9,0,7,366
31,17,7,17,1,1,17,34,0,65
100,3,23,3,0,0,3,63,0,13
6,17,7,7,1,1,7,0,6,368
61,17,7,17,1,1,17,0,10,207
131,17,7,7,0,0,17,0,6,413
69,22,26,22,1,1,22,0,8,166
46,22,26,26,0,0,22,0,5,11
49,19,27,27,0,0,19,0,7,457
103,22,26,26,0,0,22,0,7,214
22,22,26,22,0,0,22,86,0,428
115,19,27,27,0,0,19,0,5,464
72,19,27,27,1,0,19,104,0,358
24,22,26,22,1,0,22,0,6,228
95,17,4,17,0,1,17,102,0,370
6,17,4,17,1,0,17,0,6,220
63,3,17,17,1,0,3,114,0,401
18,27,26,26,1,0,26,0,5,211
22,22,17,17,0,0,22,0,5,166
103,22,17,22,0,0,17,0,7,65
46,22,17,22,1,0,22,0,2,11
66,9,19,9,1,0,19,31,0,457
59,9,19,19,0,0,9,0,6,435
71,9,19,19,1,0,9,46,0,515
25,9,19,9,0,0,19,0,4,514
57,9,19,19,0,0,9,0,5,316
82,19,22,22,0,0,22,14,0,278
49,19,22,22,0,0,19,0,6,451
82,19,22,19,0,0,19,25,0,335
82,19,22,22,0,0,22,45,0,11
92,9,3,3,0,0,9,0,2,274
93,9,3,3,0,0,3,18,0,8
32,23,7,23,0,0,23,107,0,102
129,9,3,9,0,0,3,0,9,294
32,23,7,23,0,0,7,0,5,30
25,9,3,9,0,0,9,8,0,316
64,9,3,3,0,0,3,47,0,8
79,9,3,9,1,0,3,84,0,69
84,7,9,9,0,0,7,0,7,250
84,7,9,7,0,0,9,0,2,435
83,7,9,7,1,1,9,38,0,414
86,7,9,9,0,0,7,0,3,416
12,7,9,9,1,0,7,42,0,185
17,7,9,9,0,0,9,9,0,380
18,27,22,27,0,0,22,0,5,146
116,7,9,9,1,0,7,104,0,185
52,21,9,9,1,1,9,0,7,145
32,23,4,4,1,0,23,39,0,198
32,23,4,23,1,0,23,0,5,441
32,23,4,4,1,0,23,70,0,102
98,7,26,26,0,0,26,93,0,111
12,7,26,7,1,0,26,61,0,406
84,7,26,26,1,0,7,79,0,141
9,9,22,9,1,0,9,0,6,515
9,9,22,9,1,0,9,0,6,435
9,9,22,22,1,0,22,0,4,214
9,10,22,10,1,0,22,42,0,33
9,10,9,9,1,1,9,0,9,145
28,1,2,2,0,0,2,13,0,316
28,1,2,2,0,0,2,31,0,102
7,1,2,2,0,0,2,34,0,428
89,4,9,9,0,0,9,46,0,145
89,4,9,4,0,0,9,0,5,316
8,3,23,3,0,1,3,53,0,13
119,3,22,22,0,0,3,0,7,151
67,17,23,23,0,0,23,81,0,124
8,26,7,7,1,0,7,0,1,250
55,3,17,3,0,0,3,215,0,303
8,26,4,4,1,0,26,99,0,398
55,10,23,23,1,0,23,0,8,291
8,7,22,7,0,0,22,0,9,23
55,3,23,23,0,0,3,0,7,354
8,4,10,10,0,0,10,74,0,505
55,17,22,17,1,0,17,0,5,89
8,3,10,3,1,0,3,0,9,151
55,17,23,17,0,0,23,0,6,504
8,4,7,7,1,0,7,0,4,421
55,26,22,26,1,0,22,67,0,11
58,10,17,17,0,0,17,129,0,370
5,3,7,7,0,0,3,0,7,445
58,4,22,22,1,0,4,67,0,325
5,7,23,7,1,0,23,2,0,399
58,10,22,22,1,1,22,0,7,214
5,4,17,17,1,0,17,0,9,419
58,26,23,26,1,0,23,113,0,441
5,3,4,3,1,0,3,0,10,151
58,7,10,7,0,0,7,48,0,368
5,26,17,17,1,0,17,0,7,208
58,22,23,23,0,0,22,0,1,425
5,26,3,26,1,0,3,103,0,303
127,4,5,4,1,1,4,0,7,325
119,7,13,13,0,0,7,0,7,135
118,3,22,22,1,0,3,83,0,303
67,26,10,10,0,1,26,0,8,406
127,9,23,9,1,0,23,69,0,277
118,16,21,16,1,0,16,0,8,501
119,6,17,6,1,0,17,114,0,264
67,19,27,27,1,1,19,93,0,191
127,4,23,4,1,1,23,198,0,441
119,13,17,13,1,0,17,148,0,269
118,21,22,22,1,0,22,0,7,148
67,26,27,26,1,0,26,0,6,415
127,5,9,5,1,0,9,257,0,492
119,6,7,6,1,0,7,51,0,368
118,3,16,3,0,0,3,229,0,70
127,4,9,9,0,0,4,0,5,321
67,10,19,10,1,1,10,0,3,347
118,16,22,16,1,0,22,221,0,166
119,7,17,17,1,0,17,0,6,413
127,5,23,23,0,0,23,243,0,124
118,3,21,21,1,0,3,203,0,401
67,26,19,19,1,0,26,54,0,126
61,17,3,3,0,0,17,0,1,303
6,17,3,17,1,0,17,0,5,269
130,9,23,9,1,0,9,0,7,268
131,17,3,17,1,0,17,0,10,419
69,22,19,19,0,0,22,0,9,428
87,9,23,23,0,0,9,0,5,516
110,9,23,9,1,0,23,5,0,240
22,22,19,22,1,0,22,0,10,428
46,22,19,19,0,0,19,141,0,514
16,7,17,7,0,0,7,14,0,368
24,22,19,19,1,0,22,164,0,214
129,9,26,26,1,0,9,160,0,435
100,7,17,17,0,0,17,58,0,264
100,3,17,3,0,0,3,8,0,401
28,9,26,26,1,0,26,0,3,307
16,3,7,7,0,0,3,0,4,290
63,7,17,17,0,0,7,0,3,3
63,3,17,3,0,0,3,105,0,8
6,17,23,23,0,0,23,189,0,441
31,17,23,17,1,1,17,0,4,299
95,17,23,17,0,0,23,0,7,441
72,19,26,19,1,0,19,0,7,360
82,19,26,19,1,1,19,0,7,360
89,4,27,4,1,0,4,0,3,146
89,4,27,4,1,0,4,0,8,51
49,19,26,19,1,0,19,0,2,194
14,4,27,27,1,0,4,26,0,47
24,22,9,22,1,0,22,0,9,428
14,4,27,4,1,0,4,0,6,415
103,22,9,22,0,0,22,80,0,166
22,22,9,22,0,0,22,106,0,221
46,22,9,22,0,0,22,157,0,214
92,3,26,26,0,1,3,0,8,436
66,22,26,22,0,0,26,0,6,90
25,3,17,17,1,0,3,34,0,151
25,9,3,9,0,0,3,0,6,125
3,7,26,26,0,0,7,0,3,90
25,19,22,22,0,0,22,124,0,278
3,9,26,26,1,0,26,0,3,406
25,17,19,19,1,0,17,51,0,431
3,22,23,23,1,0,22,78,0,428
66,3,7,3,1,0,3,0,6,125
92,17,23,17,0,0,23,0,7,277
92,3,26,26,0,0,26,10,0,400
66,19,23,23,0,0,19,0,4,45
92,17,22,22,1,0,17,87,0,431
66,9,7,9,1,0,9,0,4,305
92,23,26,26,0,0,23,0,9,291
66,4,27,27,1,0,4,101,0,452
66,4,26,4,0,0,26,0,10,90
3,23,27,23,0,0,23,144,0,506
3,26,27,27,0,0,26,0,9,90
25,4,23,4,1,0,23,37,0,506
81,3,26,3,0,0,3,127,0,60
81,3,9,3,0,0,3,18,0,60
81,9,26,9,0,0,9,16,0,174
105,22,27,22,0,0,22,171,0,319
47,22,27,27,0,0,22,0,6,23
81,3,26,3,0,0,26,0,3,290
13,22,27,27,0,0,22,0,5,165
81,9,26,9,0,1,26,29,0,435
12,7,19,7,1,0,7,0,3,421
98,7,19,19,0,0,7,0,8,185
116,7,19,19,1,0,19,0,2,514
84,7,19,19,1,1,19,0,7,455
94,13,4,4,1,0,4,0,6,321
94,13,4,13,0,0,4,0,2,321
83,7,23,7,0,0,23,0,8,441
86,7,23,23,0,0,23,33,0,124
29,7,23,7,0,0,23,0,8,124
84,7,23,23,0,0,23,46,0,441
84,7,23,7,1,0,23,20,0,506
127,26,9,9,1,0,26,19,0,113
127,26,9,26,1,0,26,0,6,113
118,26,9,9,0,0,26,0,4,398
67,26,9,9,1,0,26,1,0,398
127,26,27,26,0,0,26,104,0,398
119,26,27,27,0,0,26,0,10,90
5,26,27,26,0,0,26,98,0,211
5,26,27,26,1,0,26,0,5,211
51,4,3,4,0,0,3,0,9,296
51,4,3,3,0,0,3,67,0,8
1,9,19,9,0,0,9,51,0,380
1,9,19,9,0,0,19,0,6,514
65,9,7,9,1,0,9,0,7,411
68,9,7,9,0,0,7,0,5,24
87,9,7,9,0,0,9,49,0,515
50,9,7,7,0,0,9,0,4,424
37,9,7,7,1,0,9,39,0,174
32,23,19,19,1,0,19,0,4,451
32,23,19,19,1,0,19,0,4,45
69,22,3,3,0,0,22,0,1,401
46,22,3,22,0,0,3,0,1,165
103,22,3,22,1,0,3,24,0,60
6,17,26,17,0,0,26,0,3,126
22,22,3,22,0,0,22,196,0,278
95,17,26,26,1,0,17,91,0,264
24,22,3,3,0,1,22,0,6,148
31,17,26,17,0,0,17,21,0,346
14,4,23,4,1,0,4,0,4,51
14,4,23,4,0,0,23,0,5,369
72,19,9,9,1,0,9,0,8,515
131,17,26,17,0,0,17,81,0,346
16,3,23,23,0,0,3,0,9,13
82,19,9,9,1,0,9,0,5,316
63,22,23,23,0,0,23,76,0,173
101,19,9,19,1,1,19,7,0,446
88,3,22,3,0,0,3,80,0,290
100,22,23,23,0,0,22,0,5,148
100,3,23,23,0,0,3,0,6,13
88,3,22,3,0,0,3,59,0,60
16,22,23,22,1,0,23,94,0,240
16,3,22,3,0,0,22,0,5,428
131,17,23,17,0,0,17,21,0,231
31,17,23,17,1,0,17,0,5,506
108,23,17,17,1,0,17,0,7,370
72,19,7,7,1,0,19,165,0,254
82,7,19,7,0,0,7,42,0,24
6,3,17,17,1,0,3,147,0,60
92,22,9,9,1,0,9,0,5,380
64,9,22,22,1,0,22,0,5,515
129,23,9,23,0,0,9,0,5,184
110,23,9,9,1,0,9,0,7,394
3,9,23,23,1,0,23,0,5,475
24,17,22,22,1,1,22,0,5,23
107,23,9,9,1,0,9,0,4,10
103,17,22,22,1,0,22,0,4,166
25,23,9,9,1,0,9,0,8,184
22,22,17,22,0,0,22,19,0,264
93,9,23,9,0,0,9,152,0,380
88,3,11,3,0,0,3,156,0,436
88,3,11,3,0,0,3,55,0,13
32,23,4,4,1,0,23,88,0,124
24,1,2,2,1,0,1,2,0,18
32,26,23,26,0,0,26,33,0,365
84,7,3,3,1,0,3,0,8,13
21,4,3,3,1,0,3,0,6,452
83,4,7,4,0,0,7,0,5,24
86,4,3,3,1,0,3,0,10,8
29,3,7,7,1,0,3,57,0,8
23,3,4,3,0,0,4,0,5,325
84,4,7,7,1,0,7,0,10,289
119,19,26,26,1,0,19,22,0,451
120,19,26,26,1,0,19,59,0,45
127,26,22,22,1,0,22,0,7,165
67,26,22,22,1,1,22,0,8,165
37,19,9,19,0,0,19,159,0,457
71,9,19,9,0,0,19,0,5,451
3,9,19,9,0,0,19,0,3,194
130,9,19,9,0,0,9,58,0,316
103,27,22,27,0,0,22,0,5,221
131,17,3,3,1,0,3,0,7,13
46,22,27,27,1,0,22,131,0,148
6,3,17,3,0,0,3,86,0,295
69,22,27,27,1,0,22,165,0,319
24,7,22,22,1,0,22,0,3,250
47,22,7,22,0,0,22,7,0,221
22,22,7,7,1,0,22,108,0,166
103,7,22,7,0,0,22,0,3,148
100,19,26,26,1,0,19,30,0,335
38,27,4,27,0,0,4,0,8,331
100,3,19,3,0,0,19,0,3,45
69,22,7,7,1,1,7,26,0,312
26,27,4,27,0,0,27,31,0,68
121,19,3,3,1,0,3,0,9,295
16,26,19,19,1,0,19,0,6,254
38,9,4,9,0,0,9,91,0,492
26,9,4,4,1,0,9,11,0,273
121,3,17,3,0,0,3,17,0,147
18,7,27,7,0,0,7,74,0,155
88,3,17,17,1,0,17,0,4,169
62,7,27,7,0,0,7,161,0,250
62,27,7,7,1,0,7,0,5,185
26,17,4,17,0,0,17,138,0,96
82,23,19,19,1,0,23,119,0,240
112,27,23,23,1,0,23,0,7,291
72,23,19,23,0,0,19,0,8,457
101,27,19,19,1,0,19,0,3,514
91,19,27,19,0,0,19,144,0,45
84,7,26,26,1,0,26,0,2,182
116,19,26,19,0,0,26,0,7,398
12,3,7,7,1,0,7,0,6,312
84,22,26,26,1,0,26,0,5,398
12,9,19,19,1,0,19,0,3,335
116,7,23,23,1,1,7,49,0,3
84,17,3,3,1,0,3,0,7,8
12,13,19,19,1,0,19,0,7,451
116,26,4,4,1,0,26,138,0,90
84,27,23,23,1,0,23,0,4,133
116,25,3,3,1,0,3,0,9,317
12,7,27,27,1,0,7,152,0,368
116,9,13,13,1,0,9,98,0,414
84,17,25,25,1,0,17,210,0,346
84,9,7,9,0,0,9,23,0,414
84,3,19,19,1,0,3,10,0,8
84,7,9,9,1,0,7,70,0,3
98,9,7,7,1,0,7,0,7,19
32,23,22,22,1,0,23,49,0,486
34,22,23,23,1,0,23,0,7,240
4,19,9,9,1,1,19,66,0,457
32,23,9,23,0,0,23,25,0,314
32,9,23,9,0,0,9,4,0,492
32,4,23,4,0,0,23,0,10,441
32,19,23,19,0,0,23,0,7,122
32,19,4,19,0,0,19,76,0,513
84,17,26,26,1,0,17,107,0,118
84,7,26,26,1,0,26,0,7,90
83,26,7,7,1,0,7,0,7,422
29,7,17,17,1,0,17,0,7,212
98,7,26,26,1,0,26,0,7,113
62,27,3,3,1,0,3,0,8,224
62,3,27,27,1,0,3,139,0,129
62,27,3,27,0,0,3,0,7,401
117,4,26,4,0,0,26,0,7,130
77,26,4,4,1,0,26,23,0,126
77,4,26,26,1,0,26,0,1,182
56,7,26,26,1,0,26,0,4,406
62,23,27,27,1,0,23,72,0,486
18,27,23,23,1,1,23,12,0,468
82,9,19,19,1,0,9,40,0,496
82,19,9,19,0,0,9,0,5,194
101,9,19,19,1,0,19,0,4,513
112,19,9,19,0,0,19,12,0,435
62,4,27,4,0,0,27,0,3,256
32,3,23,3,0,0,3,40,0,317
45,22,17,17,1,0,17,0,6,169
34,23,3,23,0,0,23,1,0,504
34,3,23,3,0,0,3,84,0,147
121,3,9,3,0,0,3,208,0,303
88,9,3,9,0,0,3,0,7,401
100,9,3,9,0,0,3,0,5,13
24,22,26,22,0,0,26,0,7,406
22,22,26,22,0,0,22,209,0,214
121,9,3,9,0,1,3,0,2,515
16,9,27,9,0,0,9,24,0,515
16,9,3,9,0,0,9,19,0,496
63,3,27,3,0,0,3,148,0,13
63,27,9,27,0,0,9,0,7,492
121,3,27,3,0,0,3,99,0,63
88,3,9,3,0,0,3,18,0,8
6,19,17,17,1,0,17,0,4,413
112,17,19,17,0,0,19,0,7,190
82,19,17,19,0,0,19,124,0,334
62,27,26,27,0,0,26,0,8,90
62,26,27,27,1,1,26,72,0,141
82,17,19,17,0,0,19,0,3,45
62,27,26,26,1,0,27,21,0,168
18,26,27,26,0,0,27,0,6,286
34,7,23,7,0,0,23,0,10,504
64,9,17,9,0,0,9,145,0,492
38,4,7,4,0,0,7,0,7,3
26,4,7,4,0,0,7,0,7,3
33,9,17,9,0,0,17,0,4,413
107,17,3,3,1,0,3,0,2,63
92,3,9,3,0,0,3,77,0,125
50,17,3,17,0,0,3,0,8,63
59,9,3,9,0,0,9,37,0,435
112,19,22,19,0,0,22,0,7,165
112,19,22,19,0,0,22,0,6,7
49,19,22,19,0,1,22,13,0,214
82,19,22,22,1,0,19,42,0,334
82,19,22,19,0,0,19,8,0,457
72,19,4,19,0,0,19,58,0,513
112,4,19,4,0,0,19,0,5,335
91,19,4,19,0,0,19,137,0,513
35,3,4,3,0,0,3,112,0,401
19,4,3,4,0,0,3,0,9,125
19,4,3,3,1,0,3,0,8,60
84,22,7,7,1,0,7,0,7,103
116,27,22,27,0,0,22,0,7,278
17,27,7,7,1,0,7,0,6,3
86,7,22,7,0,0,22,0,7,214
21,22,27,27,1,0,22,46,0,214
84,22,7,22,0,0,7,0,6,495
98,7,27,27,1,0,27,0,4,157
84,19,7,7,1,0,7,0,4,289
84,19,7,19,0,0,7,0,7,289
86,7,19,7,0,0,19,0,2,327
77,23,26,26,1,1,26,0,6,307
15,23,26,26,1,0,23,55,0,277
117,3,26,3,0,0,26,0,9,90
117,3,26,3,0,0,26,0,3,507
34,19,17,19,0,0,17,0,4,431
34,17,23,23,1,0,17,9,0,118
76,3,26,26,1,1,3,2,0,401
34,19,17,17,1,0,17,0,7,127
34,19,23,23,1,0,19,79,0,327
114,27,19,27,0,0,19,0,8,484
114,19,13,19,0,0,19,143,0,457
114,23,27,23,0,0,27,0,4,157
114,23,13,23,0,0,23,129,0,240
114,13,27,13,0,0,27,0,5,107
114,23,19,23,0,0,19,0,7,240
114,19,27,19,0,0,19,68,0,45
69,3,9,9,1,0,3,125,0,401
46,9,13,9,0,0,9,91,0,414
53,3,23,3,0,1,3,48,0,8
47,23,27,23,0,0,23,74,0,314
46,13,3,3,1,0,3,0,5,42
24,17,9,9,1,0,9,0,7,516
13,27,13,27,0,0,13,0,7,285
53,3,17,17,1,0,3,96,0,419
69,9,23,23,1,0,9,183,0,199
13,27,17,27,0,0,17,0,6,346
22,13,9,13,0,0,9,0,6,414
24,3,23,3,0,0,3,96,0,401
11,6,17,17,1,0,17,0,5,219
13,16,14,16,0,0,16,64,0,213
53,7,3,7,0,0,3,0,2,20
24,19,9,19,0,0,9,0,6,435
69,13,4,13,0,0,13,32,0,309
22,23,26,23,0,0,23,6,0,504
18,27,16,16,1,0,27,99,0,168
47,22,6,6,1,0,22,118,0,165
105,3,14,3,0,0,3,256,0,151
75,4,17,4,0,0,17,0,7,89
46,9,7,9,0,0,9,82,0,6
99,19,16,16,1,0,19,97,0,335
18,27,3,27,0,0,3,0,7,28
94,13,23,23,1,0,13,53,0,98
24,6,26,26,1,0,26,0,7,219
102,9,14,14,1,0,9,181,0,435
13,4,22,22,1,0,22,0,10,278
22,7,19,7,0,0,7,112,0,217
99,6,23,23,1,0,23,0,9,384
53,7,14,14,1,0,7,55,0,21
62,9,27,27,1,0,9,83,0,435
75,19,14,19,0,0,19,171,0,509
47,16,7,7,1,0,7,0,6,217
69,22,17,22,0,1,17,0,9,431
24,9,3,9,0,0,3,0,9,224
22,6,13,6,0,0,13,0,4,477
53,17,26,26,1,0,17,20,0,31
105,13,22,13,0,0,22,0,10,261
99,9,16,9,0,0,9,68,0,471
46,6,4,6,0,0,6,60,0,1
69,3,19,19,1,0,3,82,0,8
13,23,17,17,1,0,23,47,0,441
62,27,14,14,1,1,27,86,0,88
22,26,22,26,0,0,26,3,0,66
88,3,7,3,0,0,3,5,0,60
121,7,3,7,0,0,3,0,10,60
88,23,3,23,0,0,3,0,9,401
2,7,3,7,0,0,3,0,4,354
2,7,23,7,0,0,7,19,0,32
16,23,3,23,0,0,3,0,4,292
61,9,17,17,1,0,17,0,6,431
121,23,7,23,0,0,23,31,0,441
63,3,7,3,0,0,3,7,0,125
121,23,3,3,1,0,23,79,0,441
131,17,9,17,0,0,9,0,2,516
108,9,17,17,1,0,17,0,7,31
31,9,17,9,0,0,17,0,5,127
95,17,9,9,1,0,17,35,0,492
